Grupo de Anúncios,Correspondência,Palavra-chave
Grupo A — Controle de Despesas Pessoais,Ampla,controle de gastos pessoais
Grupo A — Controle de Despesas Pessoais,Ampla,gestão de despesas
Grupo A — Controle de Despesas Pessoais,Ampla,organizar despesas mensais
Grupo A — Controle de Despesas Pessoais,Frase,"app controle de gastos"
Grupo A — Controle de Despesas Pessoais,Frase,"aplicativo controle financeiro pessoal"
Grupo A — Controle de Despesas Pessoais,Frase,"como organizar despesas pessoais"
Grupo A — Controle de Despesas Pessoais,Exata,[app para controlar gastos]
Grupo A — Controle de Despesas Pessoais,Exata,[controle de despesas pessoais]
Grupo A — Controle de Despesas Pessoais,Exata,[aplicativo de controle financeiro]
Grupo B — Orçamento e Alertas,Ampla,orçamento pessoal
Grupo B — Orçamento e Alertas,Ampla,planejamento financeiro pessoal
Grupo B — Orçamento e Alertas,Ampla,alerta de limite de gastos
Grupo B — Orçamento e Alertas,Frase,"app de orçamento pessoal"
Grupo B — Orçamento e Alertas,Frase,"controlar orçamento mensal"
Grupo B — Orçamento e Alertas,Frase,"definir limite de gastos no app"
Grupo B — Orçamento e Alertas,Exata,[app orçamento pessoal grátis]
Grupo B — Orçamento e Alertas,Exata,[app para controlar orçamento]
Grupo B — Orçamento e Alertas,Exata,[alerta de gastos app]
Grupo C — Alternativa à Planilha de Gastos,Ampla,planilha de gastos
Grupo C — Alternativa à Planilha de Gastos,Ampla,planilha financeira pessoal
Grupo C — Alternativa à Planilha de Gastos,Ampla,controle financeiro sem planilha
Grupo C — Alternativa à Planilha de Gastos,Frase,"alternativa a planilha de gastos"
Grupo C — Alternativa à Planilha de Gastos,Frase,"app em vez de planilha financeira"
Grupo C — Alternativa à Planilha de Gastos,Frase,"trocar planilha por app financeiro"
Grupo C — Alternativa à Planilha de Gastos,Exata,[planilha de controle de gastos]
Grupo C — Alternativa à Planilha de Gastos,Exata,[substituir planilha de gastos]
Grupo C — Alternativa à Planilha de Gastos,Exata,[app ao invés de planilha]
Grupo D — Pagamento e Cobrança via Pix,Ampla,pagamento pix
Grupo D — Pagamento e Cobrança via Pix,Ampla,gerar qr code pix
Grupo D — Pagamento e Cobrança via Pix,Ampla,cobrança pix online
Grupo D — Pagamento e Cobrança via Pix,Frase,"app com pagamento pix"
Grupo D — Pagamento e Cobrança via Pix,Frase,"gerar cobrança pix grátis"
Grupo D — Pagamento e Cobrança via Pix,Frase,"comprovante de pix automático"
Grupo D — Pagamento e Cobrança via Pix,Exata,[gerar qr code pix grátis]
Grupo D — Pagamento e Cobrança via Pix,Exata,[app pix com comprovante]
Grupo D — Pagamento e Cobrança via Pix,Exata,[leitura automática de comprovante pix]
Grupo E — App Financeiro Grátis,Ampla,app financeiro grátis
Grupo E — App Financeiro Grátis,Ampla,aplicativo de finanças pessoais
Grupo E — App Financeiro Grátis,Ampla,melhor app de finanças
Grupo E — App Financeiro Grátis,Frase,"app financeiro gratuito"
Grupo E — App Financeiro Grátis,Frase,"aplicativo controle financeiro grátis"
Grupo E — App Financeiro Grátis,Frase,"melhor aplicativo de finanças pessoais"
Grupo E — App Financeiro Grátis,Exata,[melhor app de controle financeiro]
Grupo E — App Financeiro Grátis,Exata,[app financeiro grátis para celular]
Grupo E — App Financeiro Grátis,Exata,[aplicativo de finanças pessoais grátis]
